Primo,Marta
46381,0.000880
768479,0.011108
9476407,0.1818
36780481,0.6801
562390847,10.01
1894083629,6.965
65398261921,867.2
364879542899,3137.0
8590356927553,
28564333765949,
123456789101119,
