Primo,Marta,Sage
46381,0.000880,0.00311303138733
768479,0.011108,0.00634908676147
9476407,0.1818,0.00587320327759
36780481,0.6801,0.00817394256592
562390847,10.01,0.0338890552521
1894083629,6.965,0.118733167648
65398261921,867.2,0.707512140274
364879542899,3137.0,1.8900809288
