Primo,Marta,Sage
46381,0.00001032,1.21593475342e-05
768479,0.00001077,5.96046447754e-06
9476407,0.00001217,8.10623168945e-06
36780481,0.00001887,6.19888305664e-06
562390847,0.00001489,6.91413879395e-06
1894083629,0.00001682,5.96046447754e-06
65398261921,0.00002333,1.00135803223e-05
364879542899,0.00001988,9.05990600586e-06
8590356927553,0.00002847,7.15255737305e-06
28564333765949,0.00002442,1.00135803223e-05
123456789101119,0.00002314,1.00135803223e-05
